0,feature_vocab_ngram,abus
1,feature_vocab_ngram,accept
2,feature_vocab_ngram,accord
3,feature_vocab_ngram,account
4,feature_vocab_ngram,across
5,feature_vocab_ngram,act
6,feature_vocab_ngram,act terror
7,feature_vocab_ngram,action
8,feature_vocab_ngram,activ
9,feature_vocab_ngram,activist
11,feature_vocab_ngram,add
12,feature_vocab_ngram,address
14,feature_vocab_ngram,agenda
15,feature_vocab_ngram,ago
16,feature_vocab_ngram,agre
17,feature_vocab_ngram,air
18,feature_vocab_ngram,airport
19,feature_vocab_ngram,akbar
25,feature_vocab_ngram,allah
26,feature_vocab_ngram,allahu
27,feature_vocab_ngram,allahu akbar
28,feature_vocab_ngram,allow
30,feature_vocab_ngram,almost
31,feature_vocab_ngram,alon
32,feature_vocab_ngram,alreadi
33,feature_vocab_ngram,also
35,feature_vocab_ngram,alway
36,feature_vocab_ngram,amaz
37,feature_vocab_ngram,america
38,feature_vocab_ngram,americafirst
39,feature_vocab_ngram,american
40,feature_vocab_ngram,amp
41,feature_vocab_ngram,anal
42,feature_vocab_ngram,ani
43,feature_vocab_ngram,anim
44,feature_vocab_ngram,anoth
45,feature_vocab_ngram,anoth muslim
48,feature_vocab_ngram,answer
49,feature_vocab_ngram,anti
50,feature_vocab_ngram,anti muslim
51,feature_vocab_ngram,anti muslim hate
52,feature_vocab_ngram,anyon
53,feature_vocab_ngram,anyth
54,feature_vocab_ngram,anyway
55,feature_vocab_ngram,arab
56,feature_vocab_ngram,argu
57,feature_vocab_ngram,arm
58,feature_vocab_ngram,around
59,feature_vocab_ngram,arrest
61,feature_vocab_ngram,articl
62,feature_vocab_ngram,asian
63,feature_vocab_ngram,ask
64,feature_vocab_ngram,ass
65,feature_vocab_ngram,assault
66,feature_vocab_ngram,attack
67,feature_vocab_ngram,attack brussel
70,feature_vocab_ngram,attack europ
71,feature_vocab_ngram,attack finsburi
72,feature_vocab_ngram,attack finsburi park
73,feature_vocab_ngram,attack london
74,feature_vocab_ngram,attack muslim
87,feature_vocab_ngram,attack wa
89,feature_vocab_ngram,attempt
90,feature_vocab_ngram,attent
91,feature_vocab_ngram,attract
94,feature_vocab_ngram,away
95,feature_vocab_ngram,b
96,feature_vocab_ngram,back
97,feature_vocab_ngram,bad
98,feature_vocab_ngram,ban
99,feature_vocab_ngram,ban gay
100,feature_vocab_ngram,ban islam
101,feature_vocab_ngram,ban right
102,feature_vocab_ngram,ban right wing
103,feature_vocab_ngram,banislam
104,feature_vocab_ngram,banislam banmuslim
105,feature_vocab_ngram,banislam banmuslim bansharia
106,feature_vocab_ngram,banislam bansharia
107,feature_vocab_ngram,banislam bansharialaw
108,feature_vocab_ngram,banislam deportallmuslim
109,feature_vocab_ngram,banmuslim
110,feature_vocab_ngram,banmuslim banislam
111,feature_vocab_ngram,banmuslim bansharia
112,feature_vocab_ngram,banmuslim bansharialaw
113,feature_vocab_ngram,banmuslim schoolchoic
114,feature_vocab_ngram,banmuslim schoolchoic cancelirand
115,feature_vocab_ngram,banrefuge
116,feature_vocab_ngram,bansharia
117,feature_vocab_ngram,bansharialaw
118,feature_vocab_ngram,base
122,feature_vocab_ngram,bbc
125,feature_vocab_ngram,bc
126,feature_vocab_ngram,bear
129,feature_vocab_ngram,beauti
130,feature_vocab_ngram,becaus
131,feature_vocab_ngram,becom
132,feature_vocab_ngram,befor
133,feature_vocab_ngram,behind
134,feature_vocab_ngram,believ
135,feature_vocab_ngram,best
136,feature_vocab_ngram,better
137,feature_vocab_ngram,beyond
138,feature_vocab_ngram,big
139,feature_vocab_ngram,bigot
140,feature_vocab_ngram,bill
141,feature_vocab_ngram,bisexu
144,feature_vocab_ngram,black
147,feature_vocab_ngram,black men
149,feature_vocab_ngram,black peopl
151,feature_vocab_ngram,black women
152,feature_vocab_ngram,blame
153,feature_vocab_ngram,blog
155,feature_vocab_ngram,bomb
156,feature_vocab_ngram,book
157,feature_vocab_ngram,border
158,feature_vocab_ngram,born
162,feature_vocab_ngram,boy
163,feature_vocab_ngram,break
164,feature_vocab_ngram,brexit
167,feature_vocab_ngram,bring
168,feature_vocab_ngram,britain
169,feature_vocab_ngram,british
170,feature_vocab_ngram,brother
171,feature_vocab_ngram,brussel
172,feature_vocab_ngram,buildthewal
173,feature_vocab_ngram,bullshit
174,feature_vocab_ngram,burn
175,feature_vocab_ngram,busi
176,feature_vocab_ngram,c
177,feature_vocab_ngram,cair
178,feature_vocab_ngram,call
179,feature_vocab_ngram,call ban
180,feature_vocab_ngram,call ban right
185,feature_vocab_ngram,canada
186,feature_vocab_ngram,canceldaca
187,feature_vocab_ngram,cancelirand
188,feature_vocab_ngram,cancelirand canceldaca
189,feature_vocab_ngram,cancer
190,feature_vocab_ngram,cannot
191,feature_vocab_ngram,car
192,feature_vocab_ngram,care
193,feature_vocab_ngram,case
196,feature_vocab_ngram,cathol
197,feature_vocab_ngram,caus
198,feature_vocab_ngram,ccot
199,feature_vocab_ngram,celebr
201,feature_vocab_ngram,check
202,feature_vocab_ngram,child
203,feature_vocab_ngram,children
204,feature_vocab_ngram,christian
205,feature_vocab_ngram,church
207,feature_vocab_ngram,citizen
208,feature_vocab_ngram,civil
209,feature_vocab_ngram,claim
210,feature_vocab_ngram,clear
211,feature_vocab_ngram,close
212,feature_vocab_ngram,co
214,feature_vocab_ngram,coexist
215,feature_vocab_ngram,colleg
216,feature_vocab_ngram,color
217,feature_vocab_ngram,come
218,feature_vocab_ngram,comment
219,feature_vocab_ngram,commit
220,feature_vocab_ngram,commun
223,feature_vocab_ngram,condemn
224,feature_vocab_ngram,congress
225,feature_vocab_ngram,consequ
226,feature_vocab_ngram,consid
227,feature_vocab_ngram,constitut
228,feature_vocab_ngram,constitut fgm
229,feature_vocab_ngram,constitut fgm robertsroom
230,feature_vocab_ngram,continu
231,feature_vocab_ngram,convert
232,feature_vocab_ngram,cop
233,feature_vocab_ngram,could
234,feature_vocab_ngram,counter
235,feature_vocab_ngram,countri
236,feature_vocab_ngram,coupl
237,feature_vocab_ngram,cours
241,feature_vocab_ngram,cri
242,feature_vocab_ngram,crime
246,feature_vocab_ngram,cult
247,feature_vocab_ngram,cultur
249,feature_vocab_ngram,cute
253,feature_vocab_ngram,daili
254,feature_vocab_ngram,damn
255,feature_vocab_ngram,danger
258,feature_vocab_ngram,daughter
259,feature_vocab_ngram,day
260,feature_vocab_ngram,dc
261,feature_vocab_ngram,dead
262,feature_vocab_ngram,deal
264,feature_vocab_ngram,deathcult
265,feature_vocab_ngram,defend
266,feature_vocab_ngram,definit
267,feature_vocab_ngram,demand
268,feature_vocab_ngram,democrat
270,feature_vocab_ngram,deport
271,feature_vocab_ngram,deportallmuslim
272,feature_vocab_ngram,deportilleg
273,feature_vocab_ngram,deserv
274,feature_vocab_ngram,design
275,feature_vocab_ngram,destroy
276,feature_vocab_ngram,destroyislam
277,feature_vocab_ngram,die
278,feature_vocab_ngram,differ
279,feature_vocab_ngram,disabl
280,feature_vocab_ngram,disabl vehicl
281,feature_vocab_ngram,discrimin
282,feature_vocab_ngram,discuss
283,feature_vocab_ngram,disgust
285,feature_vocab_ngram,divid
287,feature_vocab_ngram,doe
288,feature_vocab_ngram,done
289,feature_vocab_ngram,dont
290,feature_vocab_ngram,doubl
291,feature_vocab_ngram,dress
292,feature_vocab_ngram,driver
293,feature_vocab_ngram,dude
294,feature_vocab_ngram,due
295,feature_vocab_ngram,dup
296,feature_vocab_ngram,dure
298,feature_vocab_ngram,easi
299,feature_vocab_ngram,east
300,feature_vocab_ngram,educ
302,feature_vocab_ngram,elect
303,feature_vocab_ngram,els
304,feature_vocab_ngram,end
305,feature_vocab_ngram,enforc
306,feature_vocab_ngram,enjoy
307,feature_vocab_ngram,enough
308,feature_vocab_ngram,enter
309,feature_vocab_ngram,entir
310,feature_vocab_ngram,equal
313,feature_vocab_ngram,eu
314,feature_vocab_ngram,europ
315,feature_vocab_ngram,european
316,feature_vocab_ngram,even
317,feature_vocab_ngram,ever
318,feature_vocab_ngram,everi
319,feature_vocab_ngram,everyon
320,feature_vocab_ngram,everyth
321,feature_vocab_ngram,evil
322,feature_vocab_ngram,ex
324,feature_vocab_ngram,except
325,feature_vocab_ngram,excus
326,feature_vocab_ngram,exist
327,feature_vocab_ngram,expect
328,feature_vocab_ngram,expert
329,feature_vocab_ngram,extrem
331,feature_vocab_ngram,extremist
332,feature_vocab_ngram,extremist march
333,feature_vocab_ngram,eye
334,feature_vocab_ngram,f
335,feature_vocab_ngram,face
336,feature_vocab_ngram,facebook
338,feature_vocab_ngram,fact
339,feature_vocab_ngram,fail
340,feature_vocab_ngram,faith
341,feature_vocab_ngram,fake
342,feature_vocab_ngram,fakenew
343,feature_vocab_ngram,famili
344,feature_vocab_ngram,far
345,feature_vocab_ngram,far right
346,feature_vocab_ngram,father
347,feature_vocab_ngram,fear
348,feature_vocab_ngram,fed
351,feature_vocab_ngram,fgm
352,feature_vocab_ngram,fgm robertsroom
353,feature_vocab_ngram,fight
354,feature_vocab_ngram,figur
355,feature_vocab_ngram,fill
356,feature_vocab_ngram,final
357,feature_vocab_ngram,find
358,feature_vocab_ngram,finger
359,feature_vocab_ngram,finsburi
360,feature_vocab_ngram,finsburi park
361,feature_vocab_ngram,finsburi park attack
362,feature_vocab_ngram,finsburi park mosqu
365,feature_vocab_ngram,finsburypark
366,feature_vocab_ngram,finsburypark attack
367,feature_vocab_ngram,fire
368,feature_vocab_ngram,first
371,feature_vocab_ngram,flag
372,feature_vocab_ngram,flint
373,feature_vocab_ngram,folk
375,feature_vocab_ngram,forc
376,feature_vocab_ngram,form
377,feature_vocab_ngram,found
378,feature_vocab_ngram,four
379,feature_vocab_ngram,franc
380,feature_vocab_ngram,free
382,feature_vocab_ngram,free speech
383,feature_vocab_ngram,friend
384,feature_vocab_ngram,fuck
385,feature_vocab_ngram,fuckislam
386,feature_vocab_ngram,full
387,feature_vocab_ngram,fullrep
388,feature_vocab_ngram,fullrep stayoutofsyria
389,feature_vocab_ngram,fullrep stayoutofsyria banmuslim
390,feature_vocab_ngram,fund
393,feature_vocab_ngram,gay
394,feature_vocab_ngram,gay marriag
395,feature_vocab_ngram,gay men
396,feature_vocab_ngram,gay peopl
398,feature_vocab_ngram,gay pride
399,feature_vocab_ngram,gay propaganda
400,feature_vocab_ngram,gay right
403,feature_vocab_ngram,germani
406,feature_vocab_ngram,get
407,feature_vocab_ngram,get fuck
408,feature_vocab_ngram,girl
409,feature_vocab_ngram,give
410,feature_vocab_ngram,given
411,feature_vocab_ngram,global
412,feature_vocab_ngram,globalist
413,feature_vocab_ngram,go
414,feature_vocab_ngram,god
415,feature_vocab_ngram,gonna
416,feature_vocab_ngram,good
417,feature_vocab_ngram,gop
418,feature_vocab_ngram,got
420,feature_vocab_ngram,gotta
421,feature_vocab_ngram,gov
422,feature_vocab_ngram,govern
423,feature_vocab_ngram,govt
424,feature_vocab_ngram,great
426,feature_vocab_ngram,group
427,feature_vocab_ngram,grow
428,feature_vocab_ngram,guess
429,feature_vocab_ngram,gun
430,feature_vocab_ngram,guy
431,feature_vocab_ngram,h
432,feature_vocab_ngram,ha
434,feature_vocab_ngram,half
435,feature_vocab_ngram,hand
436,feature_vocab_ngram,happen
437,feature_vocab_ngram,happi
438,feature_vocab_ngram,hard
442,feature_vocab_ngram,hate
443,feature_vocab_ngram,hate black
444,feature_vocab_ngram,hate black peopl
445,feature_vocab_ngram,hate black women
446,feature_vocab_ngram,hate crime
448,feature_vocab_ngram,hate gay
449,feature_vocab_ngram,hate peopl
450,feature_vocab_ngram,hate preacher
451,feature_vocab_ngram,hate speech
452,feature_vocab_ngram,hatr
453,feature_vocab_ngram,health
455,feature_vocab_ngram,hear
456,feature_vocab_ngram,heard
460,feature_vocab_ngram,hell
461,feature_vocab_ngram,help
463,feature_vocab_ngram,hi
465,feature_vocab_ngram,hillari
466,feature_vocab_ngram,hindu
467,feature_vocab_ngram,hire
470,feature_vocab_ngram,histori
471,feature_vocab_ngram,hit
472,feature_vocab_ngram,hold
473,feature_vocab_ngram,home
474,feature_vocab_ngram,homeless
475,feature_vocab_ngram,homophobia
476,feature_vocab_ngram,homosexu
477,feature_vocab_ngram,hope
478,feature_vocab_ngram,hot
479,feature_vocab_ngram,hous
480,feature_vocab_ngram,ht
481,feature_vocab_ngram,http
482,feature_vocab_ngram,human
483,feature_vocab_ngram,hundr
484,feature_vocab_ngram,hungari
485,feature_vocab_ngram,hunt
486,feature_vocab_ngram,ice
487,feature_vocab_ngram,idea
490,feature_vocab_ngram,ideolog
491,feature_vocab_ngram,idiot
492,feature_vocab_ngram,ignor
493,feature_vocab_ngram,ill
494,feature_vocab_ngram,illeg
496,feature_vocab_ngram,im
497,feature_vocab_ngram,im gay
498,feature_vocab_ngram,imagin
499,feature_vocab_ngram,imam
500,feature_vocab_ngram,immedi
501,feature_vocab_ngram,immigr
505,feature_vocab_ngram,incid
506,feature_vocab_ngram,includ
509,feature_vocab_ngram,increas
514,feature_vocab_ngram,innoc
515,feature_vocab_ngram,insan
516,feature_vocab_ngram,intern
517,feature_vocab_ngram,invad
518,feature_vocab_ngram,investig
521,feature_vocab_ngram,iran
523,feature_vocab_ngram,isi
524,feature_vocab_ngram,islam
526,feature_vocab_ngram,islam muslim
527,feature_vocab_ngram,islam problem
528,feature_vocab_ngram,islam state
529,feature_vocab_ngram,islam terror
531,feature_vocab_ngram,islam terrorist
532,feature_vocab_ngram,islam terrorist attack
533,feature_vocab_ngram,islam valu
535,feature_vocab_ngram,islamiscanc
537,feature_vocab_ngram,islamist
538,feature_vocab_ngram,islamistheproblem
539,feature_vocab_ngram,islamophobia
543,feature_vocab_ngram,issu
544,feature_vocab_ngram,jail
545,feature_vocab_ngram,jew
546,feature_vocab_ngram,jewish
547,feature_vocab_ngram,jihad
548,feature_vocab_ngram,job
553,feature_vocab_ngram,judg
555,feature_vocab_ngram,justic
556,feature_vocab_ngram,k
557,feature_vocab_ngram,keep
558,feature_vocab_ngram,khan
559,feature_vocab_ngram,kick
560,feature_vocab_ngram,kid
561,feature_vocab_ngram,kill
564,feature_vocab_ngram,kill banislam
569,feature_vocab_ngram,kill muslim
570,feature_vocab_ngram,kill muslim teen
573,feature_vocab_ngram,kill us
574,feature_vocab_ngram,kind
575,feature_vocab_ngram,know
577,feature_vocab_ngram,label
578,feature_vocab_ngram,labour
579,feature_vocab_ngram,labour mp
580,feature_vocab_ngram,labour mp call
583,feature_vocab_ngram,last
584,feature_vocab_ngram,late
585,feature_vocab_ngram,latest
586,feature_vocab_ngram,law
587,feature_vocab_ngram,leader
588,feature_vocab_ngram,learn
589,feature_vocab_ngram,least
591,feature_vocab_ngram,leav
592,feature_vocab_ngram,led
595,feature_vocab_ngram,left
596,feature_vocab_ngram,leftist
598,feature_vocab_ngram,lesbian
599,feature_vocab_ngram,lesbian movi
601,feature_vocab_ngram,less
602,feature_vocab_ngram,lesson
603,feature_vocab_ngram,lesson islam
604,feature_vocab_ngram,let
605,feature_vocab_ngram,level
607,feature_vocab_ngram,lgbt commun
608,feature_vocab_ngram,lgbtq
609,feature_vocab_ngram,liber
610,feature_vocab_ngram,lie
611,feature_vocab_ngram,life
612,feature_vocab_ngram,like
613,feature_vocab_ngram,like gay
614,feature_vocab_ngram,like thi
616,feature_vocab_ngram,listen
617,feature_vocab_ngram,liter
618,feature_vocab_ngram,littl
619,feature_vocab_ngram,live
620,feature_vocab_ngram,lmao
622,feature_vocab_ngram,lol
623,feature_vocab_ngram,london
624,feature_vocab_ngram,london attack
625,feature_vocab_ngram,london bridg
631,feature_vocab_ngram,london tower
632,feature_vocab_ngram,london van
633,feature_vocab_ngram,london van attack
636,feature_vocab_ngram,long
637,feature_vocab_ngram,look
638,feature_vocab_ngram,look like
640,feature_vocab_ngram,lot
641,feature_vocab_ngram,love
643,feature_vocab_ngram,made
644,feature_vocab_ngram,maga
645,feature_vocab_ngram,make
646,feature_vocab_ngram,male
647,feature_vocab_ngram,man
650,feature_vocab_ngram,manchest
651,feature_vocab_ngram,manchest london
652,feature_vocab_ngram,manchest london bridg
653,feature_vocab_ngram,mani
654,feature_vocab_ngram,march
658,feature_vocab_ngram,marri
659,feature_vocab_ngram,marriag
660,feature_vocab_ngram,mass
662,feature_vocab_ngram,may
663,feature_vocab_ngram,mayb
664,feature_vocab_ngram,mayor
665,feature_vocab_ngram,mean
666,feature_vocab_ngram,media
667,feature_vocab_ngram,member
668,feature_vocab_ngram,men
672,feature_vocab_ngram,mental
673,feature_vocab_ngram,mental health
675,feature_vocab_ngram,mental ill
676,feature_vocab_ngram,mention
677,feature_vocab_ngram,messag
678,feature_vocab_ngram,mexicopay
679,feature_vocab_ngram,mexicopay fullrep
680,feature_vocab_ngram,mexicopay fullrep stayoutofsyria
681,feature_vocab_ngram,michigan
682,feature_vocab_ngram,middl
683,feature_vocab_ngram,might
684,feature_vocab_ngram,migrant
685,feature_vocab_ngram,million
686,feature_vocab_ngram,mind
687,feature_vocab_ngram,minist
688,feature_vocab_ngram,minor
689,feature_vocab_ngram,miss
690,feature_vocab_ngram,mix
691,feature_vocab_ngram,mm
692,feature_vocab_ngram,moham
693,feature_vocab_ngram,mom
694,feature_vocab_ngram,money
695,feature_vocab_ngram,morgan
696,feature_vocab_ngram,mosqu
698,feature_vocab_ngram,mother
699,feature_vocab_ngram,motiv
700,feature_vocab_ngram,move
701,feature_vocab_ngram,movi
702,feature_vocab_ngram,mp
703,feature_vocab_ngram,mp call
704,feature_vocab_ngram,mp call ban
705,feature_vocab_ngram,much
706,feature_vocab_ngram,muhammad
707,feature_vocab_ngram,murder
708,feature_vocab_ngram,murder muslim
709,feature_vocab_ngram,murder muslim teen
710,feature_vocab_ngram,muslim
711,feature_vocab_ngram,muslim attack
712,feature_vocab_ngram,muslim ban
713,feature_vocab_ngram,muslim girl
714,feature_vocab_ngram,muslim hate
716,feature_vocab_ngram,muslim labour
717,feature_vocab_ngram,muslim labour mp
720,feature_vocab_ngram,muslim place
721,feature_vocab_ngram,muslim refuge
722,feature_vocab_ngram,muslim say
723,feature_vocab_ngram,muslim teen
726,feature_vocab_ngram,muslim terrorist
727,feature_vocab_ngram,muslim women
728,feature_vocab_ngram,muslimban
729,feature_vocab_ngram,must
730,feature_vocab_ngram,n
731,feature_vocab_ngram,name
732,feature_vocab_ngram,nation
734,feature_vocab_ngram,need stop
735,feature_vocab_ngram,neighbor
736,feature_vocab_ngram,never
738,feature_vocab_ngram,news
741,feature_vocab_ngram,next
742,feature_vocab_ngram,nice
743,feature_vocab_ngram,nigga
748,feature_vocab_ngram,nomuslim
749,feature_vocab_ngram,non
750,feature_vocab_ngram,non muslim
751,feature_vocab_ngram,norefuge
752,feature_vocab_ngram,norefuge http
753,feature_vocab_ngram,norefuge support
754,feature_vocab_ngram,norefuge support valu
755,feature_vocab_ngram,normal
756,feature_vocab_ngram,north
757,feature_vocab_ngram,nosharia
758,feature_vocab_ngram,nosharia norefuge
759,feature_vocab_ngram,nosharia norefuge support
760,feature_vocab_ngram,noth
761,feature_vocab_ngram,notic
762,feature_vocab_ngram,number
764,feature_vocab_ngram,obama
765,feature_vocab_ngram,offic
766,feature_vocab_ngram,offici
767,feature_vocab_ngram,oh
768,feature_vocab_ngram,ok
769,feature_vocab_ngram,okay
770,feature_vocab_ngram,old
778,feature_vocab_ngram,one
779,feature_vocab_ngram,onli
780,feature_vocab_ngram,open
781,feature_vocab_ngram,openli
784,feature_vocab_ngram,p
786,feature_vocab_ngram,parent
787,feature_vocab_ngram,park
788,feature_vocab_ngram,park attack
793,feature_vocab_ngram,park mosqu
799,feature_vocab_ngram,part
800,feature_vocab_ngram,parti
802,feature_vocab_ngram,past
803,feature_vocab_ngram,patient
804,feature_vocab_ngram,pay
805,feature_vocab_ngram,peac
808,feature_vocab_ngram,pedophil
809,feature_vocab_ngram,peopl
810,feature_vocab_ngram,peopl die
811,feature_vocab_ngram,peopl get
812,feature_vocab_ngram,peopl like
813,feature_vocab_ngram,peopl need
814,feature_vocab_ngram,peopl say
815,feature_vocab_ngram,peopl think
817,feature_vocab_ngram,person
818,feature_vocab_ngram,photo
819,feature_vocab_ngram,pic
820,feature_vocab_ngram,pictur
821,feature_vocab_ngram,pier
822,feature_vocab_ngram,pier morgan
823,feature_vocab_ngram,place
824,feature_vocab_ngram,plan
825,feature_vocab_ngram,platform
826,feature_vocab_ngram,play
827,feature_vocab_ngram,pleas
828,feature_vocab_ngram,pm
830,feature_vocab_ngram,point
831,feature_vocab_ngram,poland
832,feature_vocab_ngram,polic
838,feature_vocab_ngram,polici
839,feature_vocab_ngram,polish
840,feature_vocab_ngram,polit
841,feature_vocab_ngram,polit ideolog
842,feature_vocab_ngram,politician
843,feature_vocab_ngram,poor
844,feature_vocab_ngram,popul
845,feature_vocab_ngram,porn
846,feature_vocab_ngram,possibl
847,feature_vocab_ngram,post
848,feature_vocab_ngram,power
850,feature_vocab_ngram,prayer
851,feature_vocab_ngram,preach
852,feature_vocab_ngram,preacher
854,feature_vocab_ngram,presid
857,feature_vocab_ngram,press
858,feature_vocab_ngram,pretti
859,feature_vocab_ngram,pride
862,feature_vocab_ngram,pro
863,feature_vocab_ngram,probabl
864,feature_vocab_ngram,problem
866,feature_vocab_ngram,promot
867,feature_vocab_ngram,propaganda
868,feature_vocab_ngram,propaganda ban
869,feature_vocab_ngram,prosecut
870,feature_vocab_ngram,prosecutehillari
871,feature_vocab_ngram,prosecutehillari mexicopay
872,feature_vocab_ngram,prosecutehillari mexicopay fullrep
873,feature_vocab_ngram,protect
874,feature_vocab_ngram,protest
875,feature_vocab_ngram,prove
877,feature_vocab_ngram,pull
878,feature_vocab_ngram,push
879,feature_vocab_ngram,pussi
880,feature_vocab_ngram,put
881,feature_vocab_ngram,qatar
884,feature_vocab_ngram,question
885,feature_vocab_ngram,quran
886,feature_vocab_ngram,r
887,feature_vocab_ngram,race
888,feature_vocab_ngram,racism
889,feature_vocab_ngram,racist
890,feature_vocab_ngram,radic
891,feature_vocab_ngram,radic islam
892,feature_vocab_ngram,rage
899,feature_vocab_ngram,rais
900,feature_vocab_ngram,ram
901,feature_vocab_ngram,ramadan
904,feature_vocab_ngram,rape
907,feature_vocab_ngram,rapefuge
909,feature_vocab_ngram,read
910,feature_vocab_ngram,real
911,feature_vocab_ngram,realiz
912,feature_vocab_ngram,realli
913,feature_vocab_ngram,reason
918,feature_vocab_ngram,red
919,feature_vocab_ngram,refuge
920,feature_vocab_ngram,refugeesnotwelcom
921,feature_vocab_ngram,refugeeweek
922,feature_vocab_ngram,refus
923,feature_vocab_ngram,reinforc
926,feature_vocab_ngram,religi
927,feature_vocab_ngram,religion
928,feature_vocab_ngram,religion peac
930,feature_vocab_ngram,rememb
931,feature_vocab_ngram,remind
932,feature_vocab_ngram,remov
933,feature_vocab_ngram,report
934,feature_vocab_ngram,requir
935,feature_vocab_ngram,resist
936,feature_vocab_ngram,respect
937,feature_vocab_ngram,respons
938,feature_vocab_ngram,rest
939,feature_vocab_ngram,return
940,feature_vocab_ngram,retweet
942,feature_vocab_ngram,reveal
944,feature_vocab_ngram,rid
946,feature_vocab_ngram,right wing
947,feature_vocab_ngram,right wing extremist
948,feature_vocab_ngram,rise
949,feature_vocab_ngram,risk
956,feature_vocab_ngram,robertsroom
957,feature_vocab_ngram,robinson
958,feature_vocab_ngram,room
962,feature_vocab_ngram,rule
963,feature_vocab_ngram,run
964,feature_vocab_ngram,run shoe
965,feature_vocab_ngram,russia
966,feature_vocab_ngram,sad
967,feature_vocab_ngram,safe
968,feature_vocab_ngram,said
969,feature_vocab_ngram,saudi
970,feature_vocab_ngram,save
971,feature_vocab_ngram,say
975,feature_vocab_ngram,scene
976,feature_vocab_ngram,school
977,feature_vocab_ngram,schoolchoic
978,feature_vocab_ngram,schoolchoic cancelirand
979,feature_vocab_ngram,schoolchoic cancelirand canceldaca
980,feature_vocab_ngram,scream
981,feature_vocab_ngram,second
982,feature_vocab_ngram,secur
983,feature_vocab_ngram,see
984,feature_vocab_ngram,seem
986,feature_vocab_ngram,self
987,feature_vocab_ngram,send
988,feature_vocab_ngram,seriou
989,feature_vocab_ngram,set
990,feature_vocab_ngram,sex
991,feature_vocab_ngram,sexi
993,feature_vocab_ngram,sharia
994,feature_vocab_ngram,sharia law
996,feature_vocab_ngram,shit
997,feature_vocab_ngram,shock
998,feature_vocab_ngram,shoe
1000,feature_vocab_ngram,shot
1001,feature_vocab_ngram,shout
1002,feature_vocab_ngram,show
1005,feature_vocab_ngram,shut
1006,feature_vocab_ngram,sick
1007,feature_vocab_ngram,side
1008,feature_vocab_ngram,sign
1009,feature_vocab_ngram,sinc
1010,feature_vocab_ngram,singl
1011,feature_vocab_ngram,size
1014,feature_vocab_ngram,societi
1018,feature_vocab_ngram,someon
1019,feature_vocab_ngram,someth
1020,feature_vocab_ngram,son
1024,feature_vocab_ngram,sorri
1025,feature_vocab_ngram,sound
1026,feature_vocab_ngram,speak
1029,feature_vocab_ngram,speech
1030,feature_vocab_ngram,spread
1031,feature_vocab_ngram,st
1032,feature_vocab_ngram,stab
1033,feature_vocab_ngram,stand
1034,feature_vocab_ngram,start
1035,feature_vocab_ngram,state
1036,feature_vocab_ngram,station
1037,feature_vocab_ngram,stay
1038,feature_vocab_ngram,stayoutofsyria
1039,feature_vocab_ngram,stayoutofsyria banmuslim
1040,feature_vocab_ngram,stayoutofsyria banmuslim schoolchoic
1041,feature_vocab_ngram,step
1042,feature_vocab_ngram,still
1043,feature_vocab_ngram,stop
1045,feature_vocab_ngram,stopislam
1046,feature_vocab_ngram,stori
1047,feature_vocab_ngram,straight
1048,feature_vocab_ngram,street
1049,feature_vocab_ngram,student
1050,feature_vocab_ngram,stupid
1051,feature_vocab_ngram,suddenli
1052,feature_vocab_ngram,suicid
1053,feature_vocab_ngram,support
1054,feature_vocab_ngram,support valu
1055,feature_vocab_ngram,support valu constitut
1060,feature_vocab_ngram,suspect
1063,feature_vocab_ngram,syria
1064,feature_vocab_ngram,syrian
1066,feature_vocab_ngram,take
1067,feature_vocab_ngram,talk
1068,feature_vocab_ngram,target
1071,feature_vocab_ngram,tcot
1072,feature_vocab_ngram,tcot ccot
1073,feature_vocab_ngram,teach
1074,feature_vocab_ngram,teen
1080,feature_vocab_ngram,tell
1081,feature_vocab_ngram,terror
1082,feature_vocab_ngram,terror attack
1088,feature_vocab_ngram,terrorist
1089,feature_vocab_ngram,terrorist attack
1090,feature_vocab_ngram,terrorist attack brussel
1091,feature_vocab_ngram,terrorist group
1093,feature_vocab_ngram,terrorist kill
1094,feature_vocab_ngram,terrorist muslim
1095,feature_vocab_ngram,th
1096,feature_vocab_ngram,thank
1097,feature_vocab_ngram,thi
1098,feature_vocab_ngram,thi countri
1099,feature_vocab_ngram,thi guy
1100,feature_vocab_ngram,thi hate
1101,feature_vocab_ngram,thi time
1102,feature_vocab_ngram,thing
1103,feature_vocab_ngram,think
1105,feature_vocab_ngram,tho
1106,feature_vocab_ngram,though
1107,feature_vocab_ngram,thought
1108,feature_vocab_ngram,thousand
1109,feature_vocab_ngram,threat
1110,feature_vocab_ngram,threaten
1111,feature_vocab_ngram,three
1112,feature_vocab_ngram,throw
1113,feature_vocab_ngram,time
1114,feature_vocab_ngram,today
1115,feature_vocab_ngram,today lesson
1116,feature_vocab_ngram,today lesson islam
1117,feature_vocab_ngram,togeth
1118,feature_vocab_ngram,told
1120,feature_vocab_ngram,tommi
1121,feature_vocab_ngram,tommi robinson
1123,feature_vocab_ngram,tori
1124,feature_vocab_ngram,toward
1125,feature_vocab_ngram,tower
1127,feature_vocab_ngram,tran
1128,feature_vocab_ngram,transgend
1129,feature_vocab_ngram,trash
1130,feature_vocab_ngram,travel
1131,feature_vocab_ngram,travel ban
1132,feature_vocab_ngram,travelban
1133,feature_vocab_ngram,treat
1134,feature_vocab_ngram,tri
1135,feature_vocab_ngram,tri kill
1136,feature_vocab_ngram,true
1137,feature_vocab_ngram,trump
1138,feature_vocab_ngram,trump nosharia
1139,feature_vocab_ngram,trump nosharia norefuge
1143,feature_vocab_ngram,truth
1147,feature_vocab_ngram,turn
1148,feature_vocab_ngram,tv
1149,feature_vocab_ngram,tweet
1150,feature_vocab_ngram,twitter
1151,feature_vocab_ngram,two
1152,feature_vocab_ngram,u
1153,feature_vocab_ngram,uk
1154,feature_vocab_ngram,understand
1155,feature_vocab_ngram,unit
1156,feature_vocab_ngram,univers
1158,feature_vocab_ngram,ur
1159,feature_vocab_ngram,us
1160,feature_vocab_ngram,usa
1161,feature_vocab_ngram,use
1162,feature_vocab_ngram,valu
1163,feature_vocab_ngram,valu constitut
1164,feature_vocab_ngram,valu constitut fgm
1168,feature_vocab_ngram,van attack
1169,feature_vocab_ngram,van attack muslim
1171,feature_vocab_ngram,vehicl
1172,feature_vocab_ngram,veri
1173,feature_vocab_ngram,vest
1174,feature_vocab_ngram,vet
1175,feature_vocab_ngram,via
1176,feature_vocab_ngram,victim
1179,feature_vocab_ngram,video
1180,feature_vocab_ngram,view
1181,feature_vocab_ngram,vigil
1182,feature_vocab_ngram,vile
1187,feature_vocab_ngram,violent
1188,feature_vocab_ngram,virginia
1191,feature_vocab_ngram,vote
1192,feature_vocab_ngram,w
1193,feature_vocab_ngram,wa
1198,feature_vocab_ngram,wa muslim
1199,feature_vocab_ngram,wait
1200,feature_vocab_ngram,wake
1201,feature_vocab_ngram,wakeupamerica
1202,feature_vocab_ngram,wall
1203,feature_vocab_ngram,wanna
1204,feature_vocab_ngram,want
1205,feature_vocab_ngram,want thi
1206,feature_vocab_ngram,want us
1207,feature_vocab_ngram,war
1208,feature_vocab_ngram,watch
1209,feature_vocab_ngram,watch lesbian
1210,feature_vocab_ngram,watch lesbian movi
1211,feature_vocab_ngram,way
1213,feature_vocab_ngram,week
1214,feature_vocab_ngram,welcom
1215,feature_vocab_ngram,well
1216,feature_vocab_ngram,west
1217,feature_vocab_ngram,western
1218,feature_vocab_ngram,wheelchair
1220,feature_vocab_ngram,whi
1222,feature_vocab_ngram,white
1224,feature_vocab_ngram,white peopl
1225,feature_vocab_ngram,whitegenocid
1226,feature_vocab_ngram,whole
1227,feature_vocab_ngram,win
1228,feature_vocab_ngram,wing
1229,feature_vocab_ngram,wing extremist
1230,feature_vocab_ngram,wing extremist march
1231,feature_vocab_ngram,wish
1232,feature_vocab_ngram,wit
1233,feature_vocab_ngram,without
1234,feature_vocab_ngram,wolf
1235,feature_vocab_ngram,woman
1236,feature_vocab_ngram,women
1237,feature_vocab_ngram,wonder
1238,feature_vocab_ngram,word
1239,feature_vocab_ngram,work
1240,feature_vocab_ngram,worker
1241,feature_vocab_ngram,world
1243,feature_vocab_ngram,worldrefugeeday
1244,feature_vocab_ngram,worri
1245,feature_vocab_ngram,worshipp
1246,feature_vocab_ngram,would
1247,feature_vocab_ngram,wow
1249,feature_vocab_ngram,wrong
1250,feature_vocab_ngram,wtf
1252,feature_vocab_ngram,ye
1253,feature_vocab_ngram,yea
1254,feature_vocab_ngram,yeah
1255,feature_vocab_ngram,year
1256,feature_vocab_ngram,year old
1257,feature_vocab_ngram,yell
1258,feature_vocab_ngram,yet
1259,feature_vocab_ngram,yet anoth
1260,feature_vocab_ngram,young
1261,feature_vocab_ngram,yr
1262,feature_vocab_ngram,yr old
1264,feature_vocab_ngram,zero
1265,feature_vocab_ngram_pos,CC
1266,feature_vocab_ngram_pos,CC CC
1267,feature_vocab_ngram_pos,CC DT
1269,feature_vocab_ngram_pos,CC DT NN
1270,feature_vocab_ngram_pos,CC DT NNS
1271,feature_vocab_ngram_pos,CC IN
1273,feature_vocab_ngram_pos,CC JJ
1275,feature_vocab_ngram_pos,CC JJ NN
1276,feature_vocab_ngram_pos,CC JJ NNS
1280,feature_vocab_ngram_pos,CC MD VB
1281,feature_vocab_ngram_pos,CC NN
1282,feature_vocab_ngram_pos,CC NN CC
1283,feature_vocab_ngram_pos,CC NN IN
1284,feature_vocab_ngram_pos,CC NN NN
1285,feature_vocab_ngram_pos,CC NN NNS
1286,feature_vocab_ngram_pos,CC NN PRP
1287,feature_vocab_ngram_pos,CC NN RB
1288,feature_vocab_ngram_pos,CC NN VBP
1290,feature_vocab_ngram_pos,CC NNS
1292,feature_vocab_ngram_pos,CC NNS VBP
1293,feature_vocab_ngram_pos,CC PRP
1294,feature_vocab_ngram_pos,CC PRP JJ
1295,feature_vocab_ngram_pos,CC PRP MD
1296,feature_vocab_ngram_pos,CC PRP NN
1298,feature_vocab_ngram_pos,CC PRP VBD
1299,feature_vocab_ngram_pos,CC PRP VBP
1300,feature_vocab_ngram_pos,CC RB
1301,feature_vocab_ngram_pos,CC RB DT
1303,feature_vocab_ngram_pos,CC VB
1304,feature_vocab_ngram_pos,CC VB DT
1306,feature_vocab_ngram_pos,CC VB JJ
1307,feature_vocab_ngram_pos,CC VB NN
1308,feature_vocab_ngram_pos,CC VB PRP
1309,feature_vocab_ngram_pos,CC VB VBP
1310,feature_vocab_ngram_pos,CC VBD
1312,feature_vocab_ngram_pos,CC VBG
1313,feature_vocab_ngram_pos,CC VBG PRP
1314,feature_vocab_ngram_pos,CC VBN
1315,feature_vocab_ngram_pos,CC VBN IN
1316,feature_vocab_ngram_pos,CC VBP
1317,feature_vocab_ngram_pos,CC VBZ
1319,feature_vocab_ngram_pos,CD
1320,feature_vocab_ngram_pos,CD IN
1323,feature_vocab_ngram_pos,CD NN
1324,feature_vocab_ngram_pos,CD NN NN
1325,feature_vocab_ngram_pos,CD NNS
1326,feature_vocab_ngram_pos,CD NNS IN
1328,feature_vocab_ngram_pos,DT CC
1329,feature_vocab_ngram_pos,DT CD
1330,feature_vocab_ngram_pos,DT DT
1331,feature_vocab_ngram_pos,DT DT NN
1335,feature_vocab_ngram_pos,DT IN PRP
1336,feature_vocab_ngram_pos,DT JJ
1337,feature_vocab_ngram_pos,DT JJ CC
1338,feature_vocab_ngram_pos,DT JJ IN
1339,feature_vocab_ngram_pos,DT JJ JJ
1340,feature_vocab_ngram_pos,DT JJ NN
1341,feature_vocab_ngram_pos,DT JJ NNS
1343,feature_vocab_ngram_pos,DT JJR
1344,feature_vocab_ngram_pos,DT JJR NN
1345,feature_vocab_ngram_pos,DT JJS
1346,feature_vocab_ngram_pos,DT JJS NN
1347,feature_vocab_ngram_pos,DT MD
1348,feature_vocab_ngram_pos,DT MD VB
1350,feature_vocab_ngram_pos,DT NN CC
1351,feature_vocab_ngram_pos,DT NN DT
1352,feature_vocab_ngram_pos,DT NN IN
1353,feature_vocab_ngram_pos,DT NN JJ
1354,feature_vocab_ngram_pos,DT NN MD
1355,feature_vocab_ngram_pos,DT NN NN
1356,feature_vocab_ngram_pos,DT NN NNS
1357,feature_vocab_ngram_pos,DT NN PRP
1359,feature_vocab_ngram_pos,DT NN RP
1364,feature_vocab_ngram_pos,DT NN VBN
1366,feature_vocab_ngram_pos,DT NN VBZ
1368,feature_vocab_ngram_pos,DT NN WP
1369,feature_vocab_ngram_pos,DT NN WRB
1370,feature_vocab_ngram_pos,DT NNS
1371,feature_vocab_ngram_pos,DT NNS CC
1372,feature_vocab_ngram_pos,DT NNS IN
1373,feature_vocab_ngram_pos,DT NNS NN
1376,feature_vocab_ngram_pos,DT NNS VBD
1378,feature_vocab_ngram_pos,DT NNS VBP
1380,feature_vocab_ngram_pos,DT PRP
1382,feature_vocab_ngram_pos,DT RB
1383,feature_vocab_ngram_pos,DT RB JJ
1384,feature_vocab_ngram_pos,DT RBS
1385,feature_vocab_ngram_pos,DT TO
1386,feature_vocab_ngram_pos,DT VB
1387,feature_vocab_ngram_pos,DT VBD
1388,feature_vocab_ngram_pos,DT VBG
1389,feature_vocab_ngram_pos,DT VBG NN
1391,feature_vocab_ngram_pos,DT VBN IN
1392,feature_vocab_ngram_pos,DT VBP
1393,feature_vocab_ngram_pos,DT VBP JJ
1394,feature_vocab_ngram_pos,DT VBZ
1395,feature_vocab_ngram_pos,DT VBZ DT
1396,feature_vocab_ngram_pos,DT VBZ JJ
1397,feature_vocab_ngram_pos,DT VBZ RB
1398,feature_vocab_ngram_pos,DT VBZ WP
1399,feature_vocab_ngram_pos,DT VBZ WRB
1400,feature_vocab_ngram_pos,DT WP
1401,feature_vocab_ngram_pos,DT WP VBP
1402,feature_vocab_ngram_pos,DT WRB
1403,feature_vocab_ngram_pos,EX
1404,feature_vocab_ngram_pos,EX VBD
1405,feature_vocab_ngram_pos,EX VBP
1406,feature_vocab_ngram_pos,EX VBZ
1407,feature_vocab_ngram_pos,EX VBZ DT
1408,feature_vocab_ngram_pos,FW
1410,feature_vocab_ngram_pos,IN CC
1411,feature_vocab_ngram_pos,IN CC VB
1412,feature_vocab_ngram_pos,IN CD
1414,feature_vocab_ngram_pos,IN CD NNS
1415,feature_vocab_ngram_pos,IN DT
1417,feature_vocab_ngram_pos,IN DT JJ
1418,feature_vocab_ngram_pos,IN DT JJS
1419,feature_vocab_ngram_pos,IN DT NN
1420,feature_vocab_ngram_pos,IN DT NNS
1421,feature_vocab_ngram_pos,IN DT PRP
1422,feature_vocab_ngram_pos,IN DT RB
1423,feature_vocab_ngram_pos,IN DT VBZ
1424,feature_vocab_ngram_pos,IN DT WP
1427,feature_vocab_ngram_pos,IN IN
1428,feature_vocab_ngram_pos,IN IN DT
1429,feature_vocab_ngram_pos,IN IN JJ
1430,feature_vocab_ngram_pos,IN IN NN
1431,feature_vocab_ngram_pos,IN IN NNS
1433,feature_vocab_ngram_pos,IN JJ
1434,feature_vocab_ngram_pos,IN JJ CC
1435,feature_vocab_ngram_pos,IN JJ IN
1437,feature_vocab_ngram_pos,IN JJ NN
1438,feature_vocab_ngram_pos,IN JJ NNS
1444,feature_vocab_ngram_pos,IN NN
1445,feature_vocab_ngram_pos,IN NN CC
1446,feature_vocab_ngram_pos,IN NN DT
1447,feature_vocab_ngram_pos,IN NN IN
1448,feature_vocab_ngram_pos,IN NN JJ
1449,feature_vocab_ngram_pos,IN NN MD
1450,feature_vocab_ngram_pos,IN NN NN
1451,feature_vocab_ngram_pos,IN NN NNS
1452,feature_vocab_ngram_pos,IN NN PRP
1453,feature_vocab_ngram_pos,IN NN RB
1455,feature_vocab_ngram_pos,IN NN VBD
1456,feature_vocab_ngram_pos,IN NN VBG
1458,feature_vocab_ngram_pos,IN NN VBP
1459,feature_vocab_ngram_pos,IN NN VBZ
1461,feature_vocab_ngram_pos,IN NNS
1462,feature_vocab_ngram_pos,IN NNS CC
1463,feature_vocab_ngram_pos,IN NNS IN
1466,feature_vocab_ngram_pos,IN NNS NNS
1467,feature_vocab_ngram_pos,IN NNS PRP
1469,feature_vocab_ngram_pos,IN NNS TO
1470,feature_vocab_ngram_pos,IN NNS VBD
1471,feature_vocab_ngram_pos,IN NNS VBG
1473,feature_vocab_ngram_pos,IN NNS VBP
1474,feature_vocab_ngram_pos,IN NNS WP
1479,feature_vocab_ngram_pos,IN PRP DT
1480,feature_vocab_ngram_pos,IN PRP IN
1481,feature_vocab_ngram_pos,IN PRP JJ
1482,feature_vocab_ngram_pos,IN PRP MD
1483,feature_vocab_ngram_pos,IN PRP NN
1484,feature_vocab_ngram_pos,IN PRP NNS
1487,feature_vocab_ngram_pos,IN PRP VBD
1489,feature_vocab_ngram_pos,IN PRP VBP
1491,feature_vocab_ngram_pos,IN RB
1492,feature_vocab_ngram_pos,IN RB JJ
1493,feature_vocab_ngram_pos,IN RB PRP
1496,feature_vocab_ngram_pos,IN VBG
1497,feature_vocab_ngram_pos,IN VBG DT
1498,feature_vocab_ngram_pos,IN VBG IN
1499,feature_vocab_ngram_pos,IN VBG JJ
1500,feature_vocab_ngram_pos,IN VBG NN
1501,feature_vocab_ngram_pos,IN VBG NNS
1502,feature_vocab_ngram_pos,IN VBG PRP
1504,feature_vocab_ngram_pos,IN VBG TO
1506,feature_vocab_ngram_pos,IN VBN IN
1509,feature_vocab_ngram_pos,IN VBZ
1511,feature_vocab_ngram_pos,IN WRB
1512,feature_vocab_ngram_pos,IN WRB JJ
1513,feature_vocab_ngram_pos,JJ CC
1514,feature_vocab_ngram_pos,JJ CC JJ
1517,feature_vocab_ngram_pos,JJ DT
1520,feature_vocab_ngram_pos,JJ FW
1521,feature_vocab_ngram_pos,JJ IN
1523,feature_vocab_ngram_pos,JJ IN JJ
1524,feature_vocab_ngram_pos,JJ IN NN
1525,feature_vocab_ngram_pos,JJ IN NNS
1526,feature_vocab_ngram_pos,JJ IN PRP
1528,feature_vocab_ngram_pos,JJ JJ
1530,feature_vocab_ngram_pos,JJ JJ IN
1531,feature_vocab_ngram_pos,JJ JJ JJ
1532,feature_vocab_ngram_pos,JJ JJ NN
1535,feature_vocab_ngram_pos,JJ JJ VBN
1536,feature_vocab_ngram_pos,JJ JJR
1537,feature_vocab_ngram_pos,JJ MD
1539,feature_vocab_ngram_pos,JJ NN CD
1541,feature_vocab_ngram_pos,JJ NN IN
1542,feature_vocab_ngram_pos,JJ NN JJ
1543,feature_vocab_ngram_pos,JJ NN MD
1544,feature_vocab_ngram_pos,JJ NN NN
1545,feature_vocab_ngram_pos,JJ NN NNS
1546,feature_vocab_ngram_pos,JJ NN PRP
1547,feature_vocab_ngram_pos,JJ NN RB
1548,feature_vocab_ngram_pos,JJ NN TO
1550,feature_vocab_ngram_pos,JJ NN VBD
1551,feature_vocab_ngram_pos,JJ NN VBG
1552,feature_vocab_ngram_pos,JJ NN VBN
1553,feature_vocab_ngram_pos,JJ NN VBP
1554,feature_vocab_ngram_pos,JJ NN VBZ
1555,feature_vocab_ngram_pos,JJ NN WDT
1557,feature_vocab_ngram_pos,JJ NN WRB
1558,feature_vocab_ngram_pos,JJ NNS
1559,feature_vocab_ngram_pos,JJ NNS CC
1560,feature_vocab_ngram_pos,JJ NNS DT
1561,feature_vocab_ngram_pos,JJ NNS IN
1562,feature_vocab_ngram_pos,JJ NNS JJ
1563,feature_vocab_ngram_pos,JJ NNS MD
1565,feature_vocab_ngram_pos,JJ NNS NNS
1566,feature_vocab_ngram_pos,JJ NNS PRP
1567,feature_vocab_ngram_pos,JJ NNS RB
1568,feature_vocab_ngram_pos,JJ NNS RBR
1571,feature_vocab_ngram_pos,JJ NNS VBD
1572,feature_vocab_ngram_pos,JJ NNS VBG
1574,feature_vocab_ngram_pos,JJ NNS VBP
1576,feature_vocab_ngram_pos,JJ NNS WP
1577,feature_vocab_ngram_pos,JJ PRP
1581,feature_vocab_ngram_pos,JJ PRP VBZ
1582,feature_vocab_ngram_pos,JJ RB
1583,feature_vocab_ngram_pos,JJ RB JJ
1586,feature_vocab_ngram_pos,JJ TO
1587,feature_vocab_ngram_pos,JJ TO VB
1588,feature_vocab_ngram_pos,JJ VB
1589,feature_vocab_ngram_pos,JJ VB DT
1591,feature_vocab_ngram_pos,JJ VB PRP
1592,feature_vocab_ngram_pos,JJ VBD
1595,feature_vocab_ngram_pos,JJ VBG DT
1597,feature_vocab_ngram_pos,JJ VBG NN
1598,feature_vocab_ngram_pos,JJ VBN
1600,feature_vocab_ngram_pos,JJ VBP
1601,feature_vocab_ngram_pos,JJ VBP DT
1602,feature_vocab_ngram_pos,JJ VBP IN
1603,feature_vocab_ngram_pos,JJ VBP JJ
1604,feature_vocab_ngram_pos,JJ VBP NN
1605,feature_vocab_ngram_pos,JJ VBP NNS
1608,feature_vocab_ngram_pos,JJ VBP VBP
1609,feature_vocab_ngram_pos,JJ VBZ
1610,feature_vocab_ngram_pos,JJ VBZ DT
1611,feature_vocab_ngram_pos,JJ VBZ PRP
1612,feature_vocab_ngram_pos,JJ WP
1613,feature_vocab_ngram_pos,JJ WRB
1615,feature_vocab_ngram_pos,JJR
1616,feature_vocab_ngram_pos,JJR IN
1618,feature_vocab_ngram_pos,JJR IN PRP
1619,feature_vocab_ngram_pos,JJR JJ
1621,feature_vocab_ngram_pos,JJR JJ NNS
1622,feature_vocab_ngram_pos,JJR NN
1623,feature_vocab_ngram_pos,JJR NN IN
1624,feature_vocab_ngram_pos,JJR NNS
1625,feature_vocab_ngram_pos,JJR NNS IN
1626,feature_vocab_ngram_pos,JJS
1628,feature_vocab_ngram_pos,JJS NN
1630,feature_vocab_ngram_pos,MD
1631,feature_vocab_ngram_pos,MD DT
1632,feature_vocab_ngram_pos,MD PRP
1633,feature_vocab_ngram_pos,MD PRP VB
1634,feature_vocab_ngram_pos,MD RB
1638,feature_vocab_ngram_pos,MD VB IN
1639,feature_vocab_ngram_pos,MD VB JJ
1643,feature_vocab_ngram_pos,MD VB RB
1644,feature_vocab_ngram_pos,MD VB TO
1645,feature_vocab_ngram_pos,MD VB VB
1646,feature_vocab_ngram_pos,MD VB VBG
1647,feature_vocab_ngram_pos,MD VB VBN
1648,feature_vocab_ngram_pos,NN CC
1650,feature_vocab_ngram_pos,NN CC IN
1651,feature_vocab_ngram_pos,NN CC JJ
1652,feature_vocab_ngram_pos,NN CC NN
1653,feature_vocab_ngram_pos,NN CC NNS
1654,feature_vocab_ngram_pos,NN CC PRP
1655,feature_vocab_ngram_pos,NN CC RB
1657,feature_vocab_ngram_pos,NN CC VBD
1658,feature_vocab_ngram_pos,NN CC VBG
1659,feature_vocab_ngram_pos,NN CD
1660,feature_vocab_ngram_pos,NN DT
1661,feature_vocab_ngram_pos,NN DT JJ
1664,feature_vocab_ngram_pos,NN DT VBZ
1665,feature_vocab_ngram_pos,NN EX
1666,feature_vocab_ngram_pos,NN IN
1668,feature_vocab_ngram_pos,NN IN CD
1669,feature_vocab_ngram_pos,NN IN DT
1671,feature_vocab_ngram_pos,NN IN JJ
1672,feature_vocab_ngram_pos,NN IN NN
1673,feature_vocab_ngram_pos,NN IN NNS
1675,feature_vocab_ngram_pos,NN IN RB
1676,feature_vocab_ngram_pos,NN IN VBG
1677,feature_vocab_ngram_pos,NN IN VBZ
1680,feature_vocab_ngram_pos,NN JJ
1681,feature_vocab_ngram_pos,NN JJ CC
1682,feature_vocab_ngram_pos,NN JJ IN
1683,feature_vocab_ngram_pos,NN JJ JJ
1684,feature_vocab_ngram_pos,NN JJ NN
1685,feature_vocab_ngram_pos,NN JJ NNS
1686,feature_vocab_ngram_pos,NN JJ RB
1690,feature_vocab_ngram_pos,NN JJ VBP
1693,feature_vocab_ngram_pos,NN MD
1694,feature_vocab_ngram_pos,NN MD RB
1695,feature_vocab_ngram_pos,NN MD VB
1696,feature_vocab_ngram_pos,NN NN
1697,feature_vocab_ngram_pos,NN NN CC
1699,feature_vocab_ngram_pos,NN NN IN
1701,feature_vocab_ngram_pos,NN NN MD
1702,feature_vocab_ngram_pos,NN NN NN
1703,feature_vocab_ngram_pos,NN NN NNS
1704,feature_vocab_ngram_pos,NN NN PRP
1705,feature_vocab_ngram_pos,NN NN RB
1706,feature_vocab_ngram_pos,NN NN TO
1707,feature_vocab_ngram_pos,NN NN VB
1708,feature_vocab_ngram_pos,NN NN VBD
1711,feature_vocab_ngram_pos,NN NN VBP
1712,feature_vocab_ngram_pos,NN NN VBZ
1713,feature_vocab_ngram_pos,NN NN WDT
1714,feature_vocab_ngram_pos,NN NN WP
1715,feature_vocab_ngram_pos,NN NN WRB
1716,feature_vocab_ngram_pos,NN NNS
1718,feature_vocab_ngram_pos,NN NNS IN
1719,feature_vocab_ngram_pos,NN NNS JJ
1720,feature_vocab_ngram_pos,NN NNS NN
1721,feature_vocab_ngram_pos,NN NNS NNS
1723,feature_vocab_ngram_pos,NN NNS RB
1724,feature_vocab_ngram_pos,NN NNS TO
1725,feature_vocab_ngram_pos,NN NNS VB
1726,feature_vocab_ngram_pos,NN NNS VBD
1727,feature_vocab_ngram_pos,NN NNS VBG
1729,feature_vocab_ngram_pos,NN NNS VBP
1730,feature_vocab_ngram_pos,NN NNS VBZ
1731,feature_vocab_ngram_pos,NN NNS WRB
1732,feature_vocab_ngram_pos,NN PRP
1733,feature_vocab_ngram_pos,NN PRP DT
1734,feature_vocab_ngram_pos,NN PRP IN
1736,feature_vocab_ngram_pos,NN PRP NN
1738,feature_vocab_ngram_pos,NN PRP RB
1739,feature_vocab_ngram_pos,NN PRP VBD
1740,feature_vocab_ngram_pos,NN PRP VBP
1741,feature_vocab_ngram_pos,NN PRP VBZ
1742,feature_vocab_ngram_pos,NN RB
1743,feature_vocab_ngram_pos,NN RB DT
1745,feature_vocab_ngram_pos,NN RB JJ
1747,feature_vocab_ngram_pos,NN RB PRP
1749,feature_vocab_ngram_pos,NN RB VB
1750,feature_vocab_ngram_pos,NN RB VBD
1751,feature_vocab_ngram_pos,NN RB VBG
1752,feature_vocab_ngram_pos,NN RB VBN
1756,feature_vocab_ngram_pos,NN RP
1757,feature_vocab_ngram_pos,NN TO
1758,feature_vocab_ngram_pos,NN TO DT
1760,feature_vocab_ngram_pos,NN TO PRP
1761,feature_vocab_ngram_pos,NN TO VB
1762,feature_vocab_ngram_pos,NN VB
1763,feature_vocab_ngram_pos,NN VB DT
1765,feature_vocab_ngram_pos,NN VB NN
1766,feature_vocab_ngram_pos,NN VB PRP
1768,feature_vocab_ngram_pos,NN VBD DT
1771,feature_vocab_ngram_pos,NN VBD NN
1772,feature_vocab_ngram_pos,NN VBD NNS
1773,feature_vocab_ngram_pos,NN VBD PRP
1774,feature_vocab_ngram_pos,NN VBD RB
1775,feature_vocab_ngram_pos,NN VBD RP
1776,feature_vocab_ngram_pos,NN VBD TO
1777,feature_vocab_ngram_pos,NN VBD VBG
1779,feature_vocab_ngram_pos,NN VBG
1781,feature_vocab_ngram_pos,NN VBG IN
1782,feature_vocab_ngram_pos,NN VBG JJ
1783,feature_vocab_ngram_pos,NN VBG NN
1784,feature_vocab_ngram_pos,NN VBG NNS
1788,feature_vocab_ngram_pos,NN VBN
1789,feature_vocab_ngram_pos,NN VBN IN
1791,feature_vocab_ngram_pos,NN VBN NN
1793,feature_vocab_ngram_pos,NN VBP
1794,feature_vocab_ngram_pos,NN VBP DT
1795,feature_vocab_ngram_pos,NN VBP IN
1796,feature_vocab_ngram_pos,NN VBP JJ
1798,feature_vocab_ngram_pos,NN VBP NNS
1800,feature_vocab_ngram_pos,NN VBP RB
1801,feature_vocab_ngram_pos,NN VBP RP
1803,feature_vocab_ngram_pos,NN VBP VBG
1805,feature_vocab_ngram_pos,NN VBP VBP
1806,feature_vocab_ngram_pos,NN VBP WRB
1807,feature_vocab_ngram_pos,NN VBZ
1808,feature_vocab_ngram_pos,NN VBZ DT
1809,feature_vocab_ngram_pos,NN VBZ IN
1810,feature_vocab_ngram_pos,NN VBZ JJ
1811,feature_vocab_ngram_pos,NN VBZ JJR
1812,feature_vocab_ngram_pos,NN VBZ NN
1814,feature_vocab_ngram_pos,NN VBZ PRP
1815,feature_vocab_ngram_pos,NN VBZ RB
1816,feature_vocab_ngram_pos,NN VBZ RP
1817,feature_vocab_ngram_pos,NN VBZ TO
1820,feature_vocab_ngram_pos,NN VBZ VBP
1821,feature_vocab_ngram_pos,NN WDT
1822,feature_vocab_ngram_pos,NN WDT MD
1823,feature_vocab_ngram_pos,NN WDT VBD
1824,feature_vocab_ngram_pos,NN WDT VBZ
1827,feature_vocab_ngram_pos,NN WP VBZ
1828,feature_vocab_ngram_pos,NN WRB
1831,feature_vocab_ngram_pos,NN WRB NN
1832,feature_vocab_ngram_pos,NN WRB PRP
1836,feature_vocab_ngram_pos,NNS CC
1838,feature_vocab_ngram_pos,NNS CC JJ
1839,feature_vocab_ngram_pos,NNS CC NN
1840,feature_vocab_ngram_pos,NNS CC NNS
1841,feature_vocab_ngram_pos,NNS CC PRP
1843,feature_vocab_ngram_pos,NNS CC VB
1844,feature_vocab_ngram_pos,NNS CC VBG
1845,feature_vocab_ngram_pos,NNS DT
1847,feature_vocab_ngram_pos,NNS IN
1849,feature_vocab_ngram_pos,NNS IN DT
1851,feature_vocab_ngram_pos,NNS IN JJ
1852,feature_vocab_ngram_pos,NNS IN NN
1853,feature_vocab_ngram_pos,NNS IN NNS
1855,feature_vocab_ngram_pos,NNS IN RB
1856,feature_vocab_ngram_pos,NNS IN VBG
1857,feature_vocab_ngram_pos,NNS IN VBN
1860,feature_vocab_ngram_pos,NNS JJ JJ
1861,feature_vocab_ngram_pos,NNS JJ NN
1862,feature_vocab_ngram_pos,NNS JJ NNS
1863,feature_vocab_ngram_pos,NNS MD
1865,feature_vocab_ngram_pos,NNS MD VB
1866,feature_vocab_ngram_pos,NNS NN
1867,feature_vocab_ngram_pos,NNS NN IN
1869,feature_vocab_ngram_pos,NNS NN NN
1875,feature_vocab_ngram_pos,NNS NNS IN
1880,feature_vocab_ngram_pos,NNS PRP
1883,feature_vocab_ngram_pos,NNS PRP VBP
1885,feature_vocab_ngram_pos,NNS RB
1887,feature_vocab_ngram_pos,NNS RB IN
1888,feature_vocab_ngram_pos,NNS RB JJ
1890,feature_vocab_ngram_pos,NNS RB VB
1891,feature_vocab_ngram_pos,NNS RB VBD
1894,feature_vocab_ngram_pos,NNS RBR
1895,feature_vocab_ngram_pos,NNS RP
1896,feature_vocab_ngram_pos,NNS TO
1898,feature_vocab_ngram_pos,NNS VB
1900,feature_vocab_ngram_pos,NNS VBD
1901,feature_vocab_ngram_pos,NNS VBD IN
1902,feature_vocab_ngram_pos,NNS VBD JJ
1903,feature_vocab_ngram_pos,NNS VBD NN
1904,feature_vocab_ngram_pos,NNS VBD NNS
1907,feature_vocab_ngram_pos,NNS VBG
1908,feature_vocab_ngram_pos,NNS VBG DT
1909,feature_vocab_ngram_pos,NNS VBG IN
1911,feature_vocab_ngram_pos,NNS VBG NN
1912,feature_vocab_ngram_pos,NNS VBG NNS
1914,feature_vocab_ngram_pos,NNS VBN
1915,feature_vocab_ngram_pos,NNS VBN IN
1916,feature_vocab_ngram_pos,NNS VBP
1917,feature_vocab_ngram_pos,NNS VBP CC
1919,feature_vocab_ngram_pos,NNS VBP IN
1920,feature_vocab_ngram_pos,NNS VBP JJ
1922,feature_vocab_ngram_pos,NNS VBP NN
1923,feature_vocab_ngram_pos,NNS VBP NNS
1924,feature_vocab_ngram_pos,NNS VBP PRP
1925,feature_vocab_ngram_pos,NNS VBP RB
1926,feature_vocab_ngram_pos,NNS VBP TO
1929,feature_vocab_ngram_pos,NNS VBP VBN
1931,feature_vocab_ngram_pos,NNS VBP VBZ
1936,feature_vocab_ngram_pos,NNS WDT
1941,feature_vocab_ngram_pos,NNS WRB PRP
1942,feature_vocab_ngram_pos,PDT
1943,feature_vocab_ngram_pos,PDT DT
1945,feature_vocab_ngram_pos,PDT DT NN
1946,feature_vocab_ngram_pos,PRP
1947,feature_vocab_ngram_pos,PRP CC
1948,feature_vocab_ngram_pos,PRP CC PRP
1952,feature_vocab_ngram_pos,PRP DT NN
1953,feature_vocab_ngram_pos,PRP DT VBP
1954,feature_vocab_ngram_pos,PRP IN
1955,feature_vocab_ngram_pos,PRP IN DT
1957,feature_vocab_ngram_pos,PRP IN JJ
1958,feature_vocab_ngram_pos,PRP IN NN
1959,feature_vocab_ngram_pos,PRP IN NNS
1960,feature_vocab_ngram_pos,PRP IN PRP
1963,feature_vocab_ngram_pos,PRP JJ JJ
1964,feature_vocab_ngram_pos,PRP JJ NN
1965,feature_vocab_ngram_pos,PRP JJ NNS
1967,feature_vocab_ngram_pos,PRP JJ VBP
1970,feature_vocab_ngram_pos,PRP MD
1971,feature_vocab_ngram_pos,PRP MD RB
1972,feature_vocab_ngram_pos,PRP MD VB
1973,feature_vocab_ngram_pos,PRP NN
1974,feature_vocab_ngram_pos,PRP NN CC
1975,feature_vocab_ngram_pos,PRP NN DT
1976,feature_vocab_ngram_pos,PRP NN IN
1977,feature_vocab_ngram_pos,PRP NN JJ
1978,feature_vocab_ngram_pos,PRP NN NN
1979,feature_vocab_ngram_pos,PRP NN NNS
1980,feature_vocab_ngram_pos,PRP NN PRP
1983,feature_vocab_ngram_pos,PRP NN VBD
1984,feature_vocab_ngram_pos,PRP NN VBG
1985,feature_vocab_ngram_pos,PRP NN VBZ
1986,feature_vocab_ngram_pos,PRP NNS
1988,feature_vocab_ngram_pos,PRP NNS IN
1990,feature_vocab_ngram_pos,PRP NNS TO
1992,feature_vocab_ngram_pos,PRP NNS VBP
1993,feature_vocab_ngram_pos,PRP PRP
1994,feature_vocab_ngram_pos,PRP RB
1995,feature_vocab_ngram_pos,PRP RB DT
1997,feature_vocab_ngram_pos,PRP RB JJ
1998,feature_vocab_ngram_pos,PRP RB RB
1999,feature_vocab_ngram_pos,PRP RB VB
2000,feature_vocab_ngram_pos,PRP RB VBD
2004,feature_vocab_ngram_pos,PRP RP
2005,feature_vocab_ngram_pos,PRP TO
2006,feature_vocab_ngram_pos,PRP TO VB
2007,feature_vocab_ngram_pos,PRP VB
2008,feature_vocab_ngram_pos,PRP VB DT
2009,feature_vocab_ngram_pos,PRP VB IN
2011,feature_vocab_ngram_pos,PRP VB PRP
2012,feature_vocab_ngram_pos,PRP VB VBG
2013,feature_vocab_ngram_pos,PRP VBD
2014,feature_vocab_ngram_pos,PRP VBD DT
2016,feature_vocab_ngram_pos,PRP VBD JJ
2018,feature_vocab_ngram_pos,PRP VBD PRP
2019,feature_vocab_ngram_pos,PRP VBD RB
2020,feature_vocab_ngram_pos,PRP VBD VB
2024,feature_vocab_ngram_pos,PRP VBN
2025,feature_vocab_ngram_pos,PRP VBP
2026,feature_vocab_ngram_pos,PRP VBP DT
2030,feature_vocab_ngram_pos,PRP VBP NN
2032,feature_vocab_ngram_pos,PRP VBP PRP
2033,feature_vocab_ngram_pos,PRP VBP RB
2034,feature_vocab_ngram_pos,PRP VBP TO
2035,feature_vocab_ngram_pos,PRP VBP VB
2036,feature_vocab_ngram_pos,PRP VBP VBG
2037,feature_vocab_ngram_pos,PRP VBP VBN
2038,feature_vocab_ngram_pos,PRP VBP VBP
2039,feature_vocab_ngram_pos,PRP VBZ
2040,feature_vocab_ngram_pos,PRP VBZ DT
2041,feature_vocab_ngram_pos,PRP VBZ IN
2043,feature_vocab_ngram_pos,PRP VBZ NN
2045,feature_vocab_ngram_pos,PRP VBZ PRP
2047,feature_vocab_ngram_pos,PRP VBZ TO
2049,feature_vocab_ngram_pos,PRP WRB
2050,feature_vocab_ngram_pos,PRP WRB PRP
2051,feature_vocab_ngram_pos,RB
2052,feature_vocab_ngram_pos,RB CC
2053,feature_vocab_ngram_pos,RB CC RB
2054,feature_vocab_ngram_pos,RB CC VB
2055,feature_vocab_ngram_pos,RB CD
2056,feature_vocab_ngram_pos,RB DT
2057,feature_vocab_ngram_pos,RB DT JJ
2058,feature_vocab_ngram_pos,RB DT NN
2059,feature_vocab_ngram_pos,RB DT NNS
2060,feature_vocab_ngram_pos,RB EX
2061,feature_vocab_ngram_pos,RB IN
2063,feature_vocab_ngram_pos,RB IN JJ
2064,feature_vocab_ngram_pos,RB IN NN
2066,feature_vocab_ngram_pos,RB IN PRP
2067,feature_vocab_ngram_pos,RB IN VBG
2068,feature_vocab_ngram_pos,RB JJ
2069,feature_vocab_ngram_pos,RB JJ CC
2070,feature_vocab_ngram_pos,RB JJ IN
2071,feature_vocab_ngram_pos,RB JJ JJ
2073,feature_vocab_ngram_pos,RB JJ NNS
2074,feature_vocab_ngram_pos,RB JJ PRP
2077,feature_vocab_ngram_pos,RB JJ VBP
2078,feature_vocab_ngram_pos,RB JJR
2079,feature_vocab_ngram_pos,RB MD
2080,feature_vocab_ngram_pos,RB MD VB
2081,feature_vocab_ngram_pos,RB NN
2082,feature_vocab_ngram_pos,RB NN DT
2083,feature_vocab_ngram_pos,RB NN IN
2086,feature_vocab_ngram_pos,RB NNS VBP
2088,feature_vocab_ngram_pos,RB PRP MD
2090,feature_vocab_ngram_pos,RB PRP VBP
2092,feature_vocab_ngram_pos,RB RB DT
2094,feature_vocab_ngram_pos,RB RB JJ
2099,feature_vocab_ngram_pos,RB RB VBN
2101,feature_vocab_ngram_pos,RB TO
2102,feature_vocab_ngram_pos,RB TO PRP
2103,feature_vocab_ngram_pos,RB TO VB
2104,feature_vocab_ngram_pos,RB VB
2105,feature_vocab_ngram_pos,RB VB DT
2106,feature_vocab_ngram_pos,RB VB IN
2107,feature_vocab_ngram_pos,RB VB JJ
2108,feature_vocab_ngram_pos,RB VB NN
2110,feature_vocab_ngram_pos,RB VB RB
2113,feature_vocab_ngram_pos,RB VBD
2114,feature_vocab_ngram_pos,RB VBD DT
2115,feature_vocab_ngram_pos,RB VBD IN
2117,feature_vocab_ngram_pos,RB VBD NN
2118,feature_vocab_ngram_pos,RB VBD NNS
2119,feature_vocab_ngram_pos,RB VBG
2120,feature_vocab_ngram_pos,RB VBG DT
2121,feature_vocab_ngram_pos,RB VBG IN
2122,feature_vocab_ngram_pos,RB VBG JJ
2125,feature_vocab_ngram_pos,RB VBN
2126,feature_vocab_ngram_pos,RB VBN DT
2128,feature_vocab_ngram_pos,RB VBN JJ
2131,feature_vocab_ngram_pos,RB VBP
2132,feature_vocab_ngram_pos,RB VBP DT
2135,feature_vocab_ngram_pos,RB VBP NNS
2136,feature_vocab_ngram_pos,RB VBP TO
2137,feature_vocab_ngram_pos,RB VBZ
2138,feature_vocab_ngram_pos,RB VBZ DT
2142,feature_vocab_ngram_pos,RB VBZ PRP
2143,feature_vocab_ngram_pos,RB VBZ RB
2144,feature_vocab_ngram_pos,RB WP
2146,feature_vocab_ngram_pos,RBR
2147,feature_vocab_ngram_pos,RBR IN
2148,feature_vocab_ngram_pos,RBR JJ
2149,feature_vocab_ngram_pos,RBR NN
2151,feature_vocab_ngram_pos,RBR RB
2152,feature_vocab_ngram_pos,RBS
2153,feature_vocab_ngram_pos,RBS JJ
2154,feature_vocab_ngram_pos,RBS JJ NN
2155,feature_vocab_ngram_pos,RP
2156,feature_vocab_ngram_pos,RP DT
2157,feature_vocab_ngram_pos,RP DT NN
2158,feature_vocab_ngram_pos,RP IN
2159,feature_vocab_ngram_pos,RP IN DT
2161,feature_vocab_ngram_pos,RP IN NN
2162,feature_vocab_ngram_pos,RP JJ
2163,feature_vocab_ngram_pos,RP JJ NN
2168,feature_vocab_ngram_pos,RP PRP
2169,feature_vocab_ngram_pos,RP PRP NN
2171,feature_vocab_ngram_pos,TO
2172,feature_vocab_ngram_pos,TO DT
2173,feature_vocab_ngram_pos,TO DT JJ
2174,feature_vocab_ngram_pos,TO DT NN
2180,feature_vocab_ngram_pos,TO NNS
2182,feature_vocab_ngram_pos,TO PRP
2186,feature_vocab_ngram_pos,TO VB
2188,feature_vocab_ngram_pos,TO VB DT
2189,feature_vocab_ngram_pos,TO VB IN
2190,feature_vocab_ngram_pos,TO VB JJ
2191,feature_vocab_ngram_pos,TO VB NN
2192,feature_vocab_ngram_pos,TO VB NNS
2193,feature_vocab_ngram_pos,TO VB PRP
2194,feature_vocab_ngram_pos,TO VB RB
2196,feature_vocab_ngram_pos,TO VB TO
2199,feature_vocab_ngram_pos,TO VB VBN
2200,feature_vocab_ngram_pos,VB
2201,feature_vocab_ngram_pos,VB CC
2202,feature_vocab_ngram_pos,VB CC VB
2204,feature_vocab_ngram_pos,VB DT
2205,feature_vocab_ngram_pos,VB DT IN
2207,feature_vocab_ngram_pos,VB DT NN
2210,feature_vocab_ngram_pos,VB IN
2212,feature_vocab_ngram_pos,VB IN IN
2213,feature_vocab_ngram_pos,VB IN JJ
2214,feature_vocab_ngram_pos,VB IN NN
2215,feature_vocab_ngram_pos,VB IN NNS
2216,feature_vocab_ngram_pos,VB IN PRP
2218,feature_vocab_ngram_pos,VB IN VBG
2219,feature_vocab_ngram_pos,VB JJ
2221,feature_vocab_ngram_pos,VB JJ IN
2222,feature_vocab_ngram_pos,VB JJ JJ
2223,feature_vocab_ngram_pos,VB JJ NN
2224,feature_vocab_ngram_pos,VB JJ NNS
2225,feature_vocab_ngram_pos,VB JJ TO
2226,feature_vocab_ngram_pos,VB JJR
2228,feature_vocab_ngram_pos,VB NN
2230,feature_vocab_ngram_pos,VB NN IN
2231,feature_vocab_ngram_pos,VB NN JJ
2232,feature_vocab_ngram_pos,VB NN NN
2233,feature_vocab_ngram_pos,VB NN NNS
2236,feature_vocab_ngram_pos,VB NNS
2238,feature_vocab_ngram_pos,VB NNS IN
2239,feature_vocab_ngram_pos,VB NNS JJ
2240,feature_vocab_ngram_pos,VB NNS VB
2241,feature_vocab_ngram_pos,VB PRP
2242,feature_vocab_ngram_pos,VB PRP CC
2243,feature_vocab_ngram_pos,VB PRP DT
2245,feature_vocab_ngram_pos,VB PRP JJ
2247,feature_vocab_ngram_pos,VB PRP NNS
2248,feature_vocab_ngram_pos,VB PRP RB
2249,feature_vocab_ngram_pos,VB PRP RP
2252,feature_vocab_ngram_pos,VB RB
2253,feature_vocab_ngram_pos,VB RB CC
2254,feature_vocab_ngram_pos,VB RB IN
2255,feature_vocab_ngram_pos,VB RB JJ
2256,feature_vocab_ngram_pos,VB RB TO
2257,feature_vocab_ngram_pos,VB RB VB
2258,feature_vocab_ngram_pos,VB RP
2259,feature_vocab_ngram_pos,VB RP DT
2260,feature_vocab_ngram_pos,VB RP IN
2261,feature_vocab_ngram_pos,VB RP JJ
2263,feature_vocab_ngram_pos,VB RP PRP
2264,feature_vocab_ngram_pos,VB TO
2265,feature_vocab_ngram_pos,VB TO VB
2266,feature_vocab_ngram_pos,VB VB
2267,feature_vocab_ngram_pos,VB VB PRP
2268,feature_vocab_ngram_pos,VB VBG
2270,feature_vocab_ngram_pos,VB VBG IN
2272,feature_vocab_ngram_pos,VB VBG PRP
2274,feature_vocab_ngram_pos,VB VBN
2275,feature_vocab_ngram_pos,VB VBN CC
2276,feature_vocab_ngram_pos,VB VBN IN
2277,feature_vocab_ngram_pos,VB VBN JJ
2278,feature_vocab_ngram_pos,VB VBN TO
2279,feature_vocab_ngram_pos,VB VBP
2280,feature_vocab_ngram_pos,VB VBZ
2283,feature_vocab_ngram_pos,VB WRB
2284,feature_vocab_ngram_pos,VB WRB JJ
2285,feature_vocab_ngram_pos,VBD
2287,feature_vocab_ngram_pos,VBD DT
2288,feature_vocab_ngram_pos,VBD DT JJ
2289,feature_vocab_ngram_pos,VBD DT NN
2290,feature_vocab_ngram_pos,VBD IN
2292,feature_vocab_ngram_pos,VBD IN NN
2293,feature_vocab_ngram_pos,VBD IN PRP
2294,feature_vocab_ngram_pos,VBD JJ
2295,feature_vocab_ngram_pos,VBD JJ IN
2297,feature_vocab_ngram_pos,VBD JJ NN
2298,feature_vocab_ngram_pos,VBD JJ NNS
2299,feature_vocab_ngram_pos,VBD NN
2300,feature_vocab_ngram_pos,VBD NN IN
2302,feature_vocab_ngram_pos,VBD NN TO
2303,feature_vocab_ngram_pos,VBD NNS
2304,feature_vocab_ngram_pos,VBD NNS IN
2305,feature_vocab_ngram_pos,VBD PRP
2306,feature_vocab_ngram_pos,VBD PRP IN
2308,feature_vocab_ngram_pos,VBD PRP NN
2311,feature_vocab_ngram_pos,VBD RB
2312,feature_vocab_ngram_pos,VBD RB JJ
2316,feature_vocab_ngram_pos,VBD RP JJ
2318,feature_vocab_ngram_pos,VBD TO
2319,feature_vocab_ngram_pos,VBD TO VB
2320,feature_vocab_ngram_pos,VBD VB
2321,feature_vocab_ngram_pos,VBD VBG
2322,feature_vocab_ngram_pos,VBD VBG IN
2323,feature_vocab_ngram_pos,VBD VBN
2324,feature_vocab_ngram_pos,VBD VBN IN
2325,feature_vocab_ngram_pos,VBG
2328,feature_vocab_ngram_pos,VBG DT
2329,feature_vocab_ngram_pos,VBG DT JJ
2330,feature_vocab_ngram_pos,VBG DT NN
2331,feature_vocab_ngram_pos,VBG DT NNS
2333,feature_vocab_ngram_pos,VBG IN DT
2335,feature_vocab_ngram_pos,VBG IN NN
2336,feature_vocab_ngram_pos,VBG IN NNS
2337,feature_vocab_ngram_pos,VBG IN PRP
2338,feature_vocab_ngram_pos,VBG JJ
2342,feature_vocab_ngram_pos,VBG JJ NN
2343,feature_vocab_ngram_pos,VBG JJ NNS
2344,feature_vocab_ngram_pos,VBG NN
2345,feature_vocab_ngram_pos,VBG NN CC
2346,feature_vocab_ngram_pos,VBG NN IN
2347,feature_vocab_ngram_pos,VBG NN NN
2348,feature_vocab_ngram_pos,VBG NN NNS
2349,feature_vocab_ngram_pos,VBG NN PRP
2351,feature_vocab_ngram_pos,VBG NN TO
2352,feature_vocab_ngram_pos,VBG NN VBZ
2353,feature_vocab_ngram_pos,VBG NNS
2354,feature_vocab_ngram_pos,VBG NNS CC
2355,feature_vocab_ngram_pos,VBG NNS IN
2358,feature_vocab_ngram_pos,VBG PRP
2359,feature_vocab_ngram_pos,VBG PRP IN
2360,feature_vocab_ngram_pos,VBG PRP JJ
2361,feature_vocab_ngram_pos,VBG PRP NN
2364,feature_vocab_ngram_pos,VBG RP
2365,feature_vocab_ngram_pos,VBG TO
2367,feature_vocab_ngram_pos,VBG TO VB
2368,feature_vocab_ngram_pos,VBG VB
2369,feature_vocab_ngram_pos,VBG VBG
2370,feature_vocab_ngram_pos,VBG VBN
2371,feature_vocab_ngram_pos,VBG VBN IN
2373,feature_vocab_ngram_pos,VBN
2374,feature_vocab_ngram_pos,VBN CC
2375,feature_vocab_ngram_pos,VBN CC VBN
2376,feature_vocab_ngram_pos,VBN DT
2378,feature_vocab_ngram_pos,VBN DT NN
2379,feature_vocab_ngram_pos,VBN IN
2380,feature_vocab_ngram_pos,VBN IN DT
2381,feature_vocab_ngram_pos,VBN IN IN
2384,feature_vocab_ngram_pos,VBN IN NN
2385,feature_vocab_ngram_pos,VBN IN NNS
2386,feature_vocab_ngram_pos,VBN IN PRP
2388,feature_vocab_ngram_pos,VBN IN VBG
2389,feature_vocab_ngram_pos,VBN JJ
2390,feature_vocab_ngram_pos,VBN JJ NN
2392,feature_vocab_ngram_pos,VBN NN
2393,feature_vocab_ngram_pos,VBN NN IN
2395,feature_vocab_ngram_pos,VBN NNS
2396,feature_vocab_ngram_pos,VBN NNS IN
2397,feature_vocab_ngram_pos,VBN PRP
2398,feature_vocab_ngram_pos,VBN RB
2399,feature_vocab_ngram_pos,VBN RB JJ
2401,feature_vocab_ngram_pos,VBN RP
2402,feature_vocab_ngram_pos,VBN RP IN
2403,feature_vocab_ngram_pos,VBN TO
2404,feature_vocab_ngram_pos,VBN TO DT
2405,feature_vocab_ngram_pos,VBN TO VB
2408,feature_vocab_ngram_pos,VBN VBN
2409,feature_vocab_ngram_pos,VBN VBN IN
2410,feature_vocab_ngram_pos,VBP
2411,feature_vocab_ngram_pos,VBP CC
2412,feature_vocab_ngram_pos,VBP CC VBP
2413,feature_vocab_ngram_pos,VBP CD
2414,feature_vocab_ngram_pos,VBP DT
2415,feature_vocab_ngram_pos,VBP DT JJ
2416,feature_vocab_ngram_pos,VBP DT NN
2417,feature_vocab_ngram_pos,VBP DT NNS
2418,feature_vocab_ngram_pos,VBP IN
2419,feature_vocab_ngram_pos,VBP IN DT
2420,feature_vocab_ngram_pos,VBP IN IN
2421,feature_vocab_ngram_pos,VBP IN JJ
2422,feature_vocab_ngram_pos,VBP IN NN
2423,feature_vocab_ngram_pos,VBP IN NNS
2424,feature_vocab_ngram_pos,VBP IN PRP
2426,feature_vocab_ngram_pos,VBP JJ
2427,feature_vocab_ngram_pos,VBP JJ IN
2428,feature_vocab_ngram_pos,VBP JJ JJ
2429,feature_vocab_ngram_pos,VBP JJ NN
2430,feature_vocab_ngram_pos,VBP JJ NNS
2431,feature_vocab_ngram_pos,VBP JJ PRP
2432,feature_vocab_ngram_pos,VBP JJ TO
2433,feature_vocab_ngram_pos,VBP JJ VBP
2437,feature_vocab_ngram_pos,VBP NN
2441,feature_vocab_ngram_pos,VBP NN JJ
2442,feature_vocab_ngram_pos,VBP NN NN
2446,feature_vocab_ngram_pos,VBP NN VBD
2448,feature_vocab_ngram_pos,VBP NN VBZ
2449,feature_vocab_ngram_pos,VBP NNS
2450,feature_vocab_ngram_pos,VBP NNS CC
2451,feature_vocab_ngram_pos,VBP NNS IN
2453,feature_vocab_ngram_pos,VBP NNS TO
2455,feature_vocab_ngram_pos,VBP NNS VBP
2458,feature_vocab_ngram_pos,VBP PRP
2459,feature_vocab_ngram_pos,VBP PRP CC
2461,feature_vocab_ngram_pos,VBP PRP IN
2464,feature_vocab_ngram_pos,VBP PRP NN
2465,feature_vocab_ngram_pos,VBP PRP NNS
2468,feature_vocab_ngram_pos,VBP PRP VB
2469,feature_vocab_ngram_pos,VBP PRP VBD
2471,feature_vocab_ngram_pos,VBP PRP VBP
2472,feature_vocab_ngram_pos,VBP RB
2473,feature_vocab_ngram_pos,VBP RB DT
2475,feature_vocab_ngram_pos,VBP RB JJ
2476,feature_vocab_ngram_pos,VBP RB RB
2478,feature_vocab_ngram_pos,VBP RP
2479,feature_vocab_ngram_pos,VBP TO
2480,feature_vocab_ngram_pos,VBP TO VB
2481,feature_vocab_ngram_pos,VBP VB
2482,feature_vocab_ngram_pos,VBP VB DT
2484,feature_vocab_ngram_pos,VBP VB PRP
2486,feature_vocab_ngram_pos,VBP VBG
2487,feature_vocab_ngram_pos,VBP VBG DT
2488,feature_vocab_ngram_pos,VBP VBG IN
2489,feature_vocab_ngram_pos,VBP VBG NN
2491,feature_vocab_ngram_pos,VBP VBG TO
2492,feature_vocab_ngram_pos,VBP VBN
2493,feature_vocab_ngram_pos,VBP VBN IN
2495,feature_vocab_ngram_pos,VBP VBN NN
2496,feature_vocab_ngram_pos,VBP VBN NNS
2497,feature_vocab_ngram_pos,VBP VBN RB
2498,feature_vocab_ngram_pos,VBP VBN TO
2499,feature_vocab_ngram_pos,VBP VBP
2503,feature_vocab_ngram_pos,VBP VBP PRP
2508,feature_vocab_ngram_pos,VBZ
2509,feature_vocab_ngram_pos,VBZ DT
2510,feature_vocab_ngram_pos,VBZ DT JJ
2511,feature_vocab_ngram_pos,VBZ DT NN
2512,feature_vocab_ngram_pos,VBZ IN
2513,feature_vocab_ngram_pos,VBZ IN DT
2514,feature_vocab_ngram_pos,VBZ IN JJ
2515,feature_vocab_ngram_pos,VBZ IN NN
2516,feature_vocab_ngram_pos,VBZ IN PRP
2517,feature_vocab_ngram_pos,VBZ JJ
2518,feature_vocab_ngram_pos,VBZ JJ CC
2519,feature_vocab_ngram_pos,VBZ JJ IN
2520,feature_vocab_ngram_pos,VBZ JJ JJ
2521,feature_vocab_ngram_pos,VBZ JJ NN
2523,feature_vocab_ngram_pos,VBZ JJ RB
2524,feature_vocab_ngram_pos,VBZ JJ VB
2525,feature_vocab_ngram_pos,VBZ JJR
2526,feature_vocab_ngram_pos,VBZ JJR NNS
2527,feature_vocab_ngram_pos,VBZ NN
2529,feature_vocab_ngram_pos,VBZ NN JJ
2530,feature_vocab_ngram_pos,VBZ NN NN
2531,feature_vocab_ngram_pos,VBZ NN TO
2534,feature_vocab_ngram_pos,VBZ PRP
2536,feature_vocab_ngram_pos,VBZ PRP JJ
2537,feature_vocab_ngram_pos,VBZ PRP NN
2539,feature_vocab_ngram_pos,VBZ PRP VBP
2540,feature_vocab_ngram_pos,VBZ RB
2541,feature_vocab_ngram_pos,VBZ RB DT
2543,feature_vocab_ngram_pos,VBZ RB JJ
2544,feature_vocab_ngram_pos,VBZ RB RB
2545,feature_vocab_ngram_pos,VBZ RB VB
2546,feature_vocab_ngram_pos,VBZ RB VBG
2547,feature_vocab_ngram_pos,VBZ RP
2549,feature_vocab_ngram_pos,VBZ TO VB
2550,feature_vocab_ngram_pos,VBZ VB
2551,feature_vocab_ngram_pos,VBZ VBG
2552,feature_vocab_ngram_pos,VBZ VBG IN
2557,feature_vocab_ngram_pos,VBZ VBN DT
2559,feature_vocab_ngram_pos,VBZ VBN NNS
2562,feature_vocab_ngram_pos,VBZ VBN TO
2563,feature_vocab_ngram_pos,VBZ VBN VBN
2564,feature_vocab_ngram_pos,VBZ VBP
2565,feature_vocab_ngram_pos,VBZ VBP NN
2566,feature_vocab_ngram_pos,VBZ WP
2567,feature_vocab_ngram_pos,VBZ WRB
2568,feature_vocab_ngram_pos,VBZ WRB PRP
2569,feature_vocab_ngram_pos,WDT
2570,feature_vocab_ngram_pos,WDT MD
2571,feature_vocab_ngram_pos,WDT MD VB
2572,feature_vocab_ngram_pos,WDT NN
2573,feature_vocab_ngram_pos,WDT VBD
2574,feature_vocab_ngram_pos,WDT VBP
2575,feature_vocab_ngram_pos,WDT VBZ
2577,feature_vocab_ngram_pos,WP
2578,feature_vocab_ngram_pos,WP DT
2580,feature_vocab_ngram_pos,WP IN
2581,feature_vocab_ngram_pos,WP JJ
2582,feature_vocab_ngram_pos,WP MD
2583,feature_vocab_ngram_pos,WP MD VB
2584,feature_vocab_ngram_pos,WP NN
2585,feature_vocab_ngram_pos,WP PRP
2586,feature_vocab_ngram_pos,WP PRP VBP
2587,feature_vocab_ngram_pos,WP PRP VBZ
2588,feature_vocab_ngram_pos,WP RB
2589,feature_vocab_ngram_pos,WP VBD
2590,feature_vocab_ngram_pos,WP VBD DT
2592,feature_vocab_ngram_pos,WP VBP
2595,feature_vocab_ngram_pos,WP VBP JJ
2597,feature_vocab_ngram_pos,WP VBP NNS
2598,feature_vocab_ngram_pos,WP VBP PRP
2600,feature_vocab_ngram_pos,WP VBZ DT
2602,feature_vocab_ngram_pos,WRB
2603,feature_vocab_ngram_pos,WRB DT
2605,feature_vocab_ngram_pos,WRB DT NN
2606,feature_vocab_ngram_pos,WRB IN
2609,feature_vocab_ngram_pos,WRB JJ NN
2610,feature_vocab_ngram_pos,WRB JJ NNS
2611,feature_vocab_ngram_pos,WRB JJ VBP
2612,feature_vocab_ngram_pos,WRB MD
2613,feature_vocab_ngram_pos,WRB MD PRP
2614,feature_vocab_ngram_pos,WRB NN
2615,feature_vocab_ngram_pos,WRB NN NN
2617,feature_vocab_ngram_pos,WRB NNS
2618,feature_vocab_ngram_pos,WRB NNS VBP
2621,feature_vocab_ngram_pos,WRB PRP VBP
2623,feature_vocab_ngram_pos,WRB VBD
2624,feature_vocab_ngram_pos,WRB VBP
2625,feature_vocab_ngram_pos,WRB VBP PRP
2626,feature_vocab_ngram_pos,WRB VBZ
2627,feature_vocab_ngram_pos,WRB VBZ DT
2628,feature_vocab_ngram_pos,WRB VBZ PRP
2629,feature_vocab_td_other,FKRA
2630,feature_vocab_td_other,FRE
2631,feature_vocab_td_other,num_syllables
2632,feature_vocab_td_other,num_chars
2634,feature_vocab_td_other,num_terms
2635,feature_vocab_td_other,num_words
2636,feature_vocab_td_other,num_unique_words
2637,feature_vocab_td_other,vader compound
2638,feature_vocab_td_other,num_hashtags
2639,feature_vocab_td_other,num_mentions
